{"A:0": {"review_recent": 0.2243341890871151, "jump_trouble": 0.4232164062499999, "practice_current": 3.054506547961426, "move_next": 0.22043810965787292}, "A:1": {"jump_trouble": 2.862136640917969}, "S:0": {"practice_current": 2.029241015625}, "S:1": {"move_next": 0.6919226562499999, "review_recent": 1.640595703125}, "T:1": {"practice_current": 0.37396089122181975, "jump_trouble": 1.6326756722853477}, "T:2": {"jump_trouble": 0.5}, "U:2": {"jump_trouble": 1.7053125, "move_next": 0.30124999999999996}, "C:2": {"review_recent": 2.67072328125, "move_next": 4.158169553488434}, "S:2": {"move_next": 1.4304101562499998}, "V:2": {"jump_trouble": 0.975}, "N:2": {"jump_trouble": 0.975}, "O:2": {"practice_current": 0.265625}, "P:2": {"move_next": 0.5}, "Q:2": {"jump_trouble": 1.390625}, "K:2": {"practice_current": 1.794756636533203}, "L:2": {"review_recent": 0.5}, "R:2": {"practice_current": 0.5}, "W:2": {"move_next": 1.1781249999999999, "practice_current": 0.725}, "X:2": {"practice_current": 0.5}, "Y:2": {"review_recent": -0.5, "move_next": 7.917804500205982}, "Z:2": {"jump_trouble": 1.465390625, "move_next": 7.861366631625798, "practice_current": 5.22727303965306, "review_recent": 5.589027892810606}, "A:2": {"move_next": 2.830266250732422, "jump_trouble": 0.5}, "B:2": {"move_next": 2.14240453125}, "D:2": {"move_next": 0.75, "review_recent": 3.658115616904297, "jump_trouble": 0.725}, "E:2": {"practice_current": 1.4203125}, "F:2": {"practice_current": 0.5}, "G:2": {"move_next": 3.571551117965306, "practice_current": 1.9712434959801748, "jump_trouble": 1.9712434959801748}, "H:2": {"review_recent": 3.269429991067055}, "I:2": {"practice_current": 5.9877351152016605, "move_next": 4.580323696250108, "jump_trouble": 0.7337499999999999}, "J:2": {"move_next": 0.75, "review_recent": 5.368535105555716, "jump_trouble": 0.5}, "M:2": {"review_recent": 0.725, "practice_current": -0.06125000000000003, "move_next": 1.6428125}, "T:0": {"review_recent": 1.31339453125, "move_next": 0.32986757812499995, "jump_trouble": 0.9865625}, "B:1": {"move_next": 3.5199081990746, "jump_trouble": 1.9233986554895264}, "B:0": {"jump_trouble": 0.11828125000000012, "review_recent": 1.3346695312499999, "move_next": 2.6183984000816167}, "F:1": {"move_next": 1.8864314837816616, "practice_current": 0.725}, "F:0": {"move_next": 3.1504920692943235, "practice_current": 0.725}, "G:1": {"jump_trouble": 0.2752123961380402}, "G:0": {"jump_trouble": 2.85506622726719}, "D:1": {"practice_current": 4.151154563725891}, "D:0": {"review_recent": 3.3806347615746, "move_next": 1.7398018079359856, "practice_current": 2.1461520276069335}, "C:1": {"move_next": 2.08453719140625, "jump_trouble": 1.4152604861328126, "practice_current": 3.466223659940025}, "C:0": {"move_next": 1.4206249999999998, "review_recent": 2.562143568359375}, "E:1": {"jump_trouble": 3.2167820691026012}, "E:0": {"jump_trouble": 2.0277734375000005, "practice_current": 0.89375}, "Z:1": {"practice_current": 6.763702782837669}, "Z:0": {"jump_trouble": 0.525, "practice_current": 5.62974008158964}, "U:1": {"review_recent": 1.3846875}, "U:0": {"practice_current": 1.6546249999999998, "move_next": 0.861434375}, "O:1": {"move_next": 0.5, "jump_trouble": 1.078970605056813}, "O:0": {"review_recent": 2.2057331950166903, "jump_trouble": 1.0875, "move_next": 0.725}, "W:1": {"practice_current": 1.613125}, "W:0": {"practice_current": 1.767234375}, "X:1": {"review_recent": 0.33590625, "move_next": 1.2687499999999998}, "X:0": {"move_next": 4.330476783361474}, "Y:1": {"move_next": 4.96278905922088}, "Y:0": {"jump_trouble": 3.436582834888463}, "M:1": {"move_next": 1.5849375}, "M:0": {"review_recent": 1.820375}, "N:1": {"move_next": 0.75, "review_recent": 1.6428125}, "N:0": {"jump_trouble": 0.8813162873829987}, "J:1": {"practice_current": 4.844704767551395}, "J:0": {"practice_current": 5.243101185125031, "jump_trouble": 0.5}, "K:1": {"move_next": 1.3240781249999998}, "H:0": {"review_recent": 1.9455223422495171}, "I:0": {"move_next": 1.2842651389345705, "review_recent": 3.8449674694988136}, "I:1": {"practice_current": 6.510053123315007}, "H:1": {"move_next": 2.7534075274287644}, "K:0": {"practice_current": 2.437592953450574}, "L:1": {"move_next": 1.3192187499999999}, "L:0": {"review_recent": 0.725, "move_next": 0.33359375, "practice_current": -0.1281875}, "P:1": {"move_next": 1.6774062499999998}, "P:0": {"practice_current": 0.08750000000000002}, "Q:1": {"move_next": 1.115114337890625}, "Q:0": {"practice_current": 1.4615624999999999}, "R:1": {"move_next": 0.6559134570312499}, "R:0": {"practice_current": 1.0875}, "V:0": {"practice_current": 1.533125}, "V:1": {"move_next": 0.42724999999999996}}